{
    "CAR": {
        "coefficient_names": [
            "x",
            "y",
            "z",
            "vx",
            "vy",
            "vz"
        ],
        "coefficient_uncertainties": [
            3.60515e-05,
            1.35286e-05,
            2.06751e-06,
            4.69388e-07,
            4.43e-08,
            1.70173e-08
        ],
        "coefficient_values": [
            -1.49312594682252,
            0.533308423906208,
            0.0423107934484173,
            -0.00649799949667083,
            0.0380402875588266,
            -0.00222761368356967
        ],
        "covariance": {
            "cov00": 1.299708278383104e-09,
            "cov01": 4.792400539814222e-10,
            "cov02": -6.498001408467461e-11,
            "cov03": 1.692133203831482e-11,
            "cov04": -1.174100384402784e-12,
            "cov05": -5.674114476778656e-13,
            "cov06": null,
            "cov07": null,
            "cov08": null,
            "cov09": null,
            "cov11": 1.830230025463609e-10,
            "cov12": -2.441934146690876e-11,
            "cov13": 6.249029153947688e-12,
            "cov14": -3.613893015332717e-13,
            "cov15": -2.15096669958856e-13,
            "cov16": null,
            "cov17": null,
            "cov18": null,
            "cov19": null,
            "cov22": 4.274589882961993e-12,
            "cov23": -8.472066682789562e-13,
            "cov24": 5.301850032312081e-14,
            "cov25": 3.418375317743459e-14,
            "cov26": null,
            "cov27": null,
            "cov28": null,
            "cov29": null,
            "cov33": 2.203251564256166e-13,
            "cov34": -1.516792293609164e-14,
            "cov35": -7.399679627366288e-15,
            "cov36": null,
            "cov37": null,
            "cov38": null,
            "cov39": null,
            "cov44": 1.962493709410351e-15,
            "cov45": 4.363607826146552e-16,
            "cov46": null,
            "cov47": null,
            "cov48": null,
            "cov49": null,
            "cov55": 2.895885966605845e-16,
            "cov56": null,
            "cov57": null,
            "cov58": null,
            "cov59": null,
            "cov66": null,
            "cov67": null,
            "cov68": null,
            "cov69": null,
            "cov77": null,
            "cov78": null,
            "cov79": null,
            "cov88": null,
            "cov89": null,
            "cov99": null
        },
        "eigenvalues": [
            2.2113e-09,
            2.56335e-09,
            9.61747e-09,
            9.9295e-07,
            2.36223e-06,
            3.84794e-05
        ]
    },
    "COM": {
        "coefficient_names": [
            "q",
            "e",
            "i",
            "node",
            "argperi",
            "peri_time"
        ],
        "coefficient_uncertainties": [
            2.9281e-05,
            0.000182028,
            2.92383e-05,
            0.000512072,
            0.000389977,
            0.000149551
        ],
        "coefficient_values": [
            1.3563615212539,
            6.138798194813423,
            175.113107757513,
            322.1576624293915,
            128.012162765351,
            60977.4837602469
        ],
        "covariance": {
            "cov00": 8.57378535157408e-10,
            "cov01": 5.318574104938831e-09,
            "cov02": 5.613333354515634e-10,
            "cov03": 1.065017098188029e-08,
            "cov04": -4.409648613091452e-09,
            "cov05": -4.195307201545469e-09,
            "cov06": null,
            "cov07": null,
            "cov08": null,
            "cov09": null,
            "cov11": 3.31343694835857e-08,
            "cov12": 3.491848717207663e-09,
            "cov13": 6.629748429541378e-08,
            "cov14": -2.70616250367235e-08,
            "cov15": -2.647435452650442e-08,
            "cov16": null,
            "cov17": null,
            "cov18": null,
            "cov19": null,
            "cov22": 8.548790458460365e-10,
            "cov23": 1.471457382760171e-08,
            "cov24": 4.833859117934369e-09,
            "cov25": -2.769792720673379e-09,
            "cov26": null,
            "cov27": null,
            "cov28": null,
            "cov29": null,
            "cov33": 2.622182380379782e-07,
            "cov34": 7.483778425110915e-08,
            "cov35": -5.268779518425678e-08,
            "cov36": null,
            "cov37": null,
            "cov38": null,
            "cov39": null,
            "cov44": 1.520818097345011e-07,
            "cov45": 2.095516090801496e-08,
            "cov46": null,
            "cov47": null,
            "cov48": null,
            "cov49": null,
            "cov55": 2.236547135143167e-08,
            "cov56": null,
            "cov57": null,
            "cov58": null,
            "cov59": null,
            "cov66": null,
            "cov67": null,
            "cov68": null,
            "cov69": null,
            "cov77": null,
            "cov78": null,
            "cov79": null,
            "cov88": null,
            "cov89": null,
            "cov99": null
        },
        "eigenvalues": [
            4.99323e-08,
            8.88231e-08,
            1.14294e-06,
            8.88466e-06,
            2.74348e-05,
            0.000235904
        ]
    },
    "categorization": {
        "object_type_int": 50,
        "object_type_str": "Interstellar",
        "orbit_subtype_int": null,
        "orbit_subtype_str": "",
        "orbit_type": null,
        "orbit_type_int": 30,
        "orbit_type_str": ""
    },
    "designation_data": {
        "designation_count": 1,
        "iau_name": "",
        "name": "ATLAS",
        "orbfit_name": "3I",
        "packed_primary_provisional_designation": "CK25N010",
        "packed_secondary_provisional_designations": [],
        "permid": "3I",
        "unpacked_primary_provisional_designation": "C/2025 N1",
        "unpacked_secondary_provisional_designations": []
    },
    "epoch_data": {
        "epoch": 61000.0,
        "timeform": "MJD",
        "timesystem": "TDT"
    },
    "magnitude_data": {
        "G": 0.1,
        "G1": null,
        "G12": null,
        "G2": null,
        "H": 11.388,
        "photometric_model": "????"
    },
    "moid_data": {
        "Earth": null,
        "Jupiter": null,
        "Mars": null,
        "Venus": null
    },
    "non_grav_booleans": {
        "non_grav_coefficients": {
            "A1": false,
            "A2": false,
            "A3": false,
            "DT": false,
            "srp": false,
            "yarkovski": false
        },
        "non_grav_model": {
            "marsden": false,
            "srp": false,
            "yabushita": false,
            "yarkovski": false,
            "yc": false
        },
        "non_gravs": false
    },
    "orbit_fit_statistics": {
        "U_param": 7,
        "arc_length_sel": "173 days",
        "arc_length_total": "180 days",
        "nobs_optical": 4267,
        "nobs_optical_sel": 4220,
        "nobs_radar": 0,
        "nobs_radar_sel": 0,
        "nobs_total": 4267,
        "nobs_total_sel": 4220,
        "nopp": 0,
        "normalized_RMS": 0.438111,
        "not_normalized_RMS": null,
        "numparams": 6,
        "orbit_quality": "good",
        "score1": 0.0,
        "score2": 0.0,
        "sig_to_noise_ratio": [
            25641.69154645955,
            166429.05501409783,
            129360.96468374622,
            64344.20398449308,
            250226.9786105941,
            111778.11537603482
        ],
        "snr_below_1": false,
        "snr_below_3": false
    },
    "software_data": {
        "fitting_datetime": "2025-11-04 19:53:16",
        "fitting_software_name": "orbfit",
        "fitting_software_version": "1.0",
        "mpcorb_creation_datetime": "2025-11-05 17:03:43",
        "mpcorb_version": "0.4"
    },
    "system_data": {
        "EclipticObliquityArcseconds": "84381.448",
        "eph": "DE431",